Date Time,Losnummer,Sch√§tzung
8/22/2008 19:38:45,18947,4500
8/22/2008 19:40:58,15114,143786
8/22/2008 19:41:17,13052,9999
8/22/2008 19:41:36,18843,5600
8/22/2008 19:42:06,18883,7100
8/22/2008 19:42:24,15164,70510
8/22/2008 19:42:43,15101,50000
8/22/2008 19:43:16,15152,90132
8/22/2008 19:43:35,18880,4456
8/22/2008 19:43:59,18813,3000
8/22/2008 19:44:39,18811,423500
8/22/2008 19:45:24,15153,63507
8/22/2008 19:45:47,18856,20000
8/22/2008 19:46:09,18812,12000
8/22/2008 19:46:43,18891,6543
8/22/2008 19:47:50,18882,1500000
8/22/2008 19:48:52,18872,22325
8/22/2008 19:49:15,15543,2000
8/22/2008 19:49:30,18915,20008
8/22/2008 19:49:53,15103,19751
8/22/2008 19:50:10,15190,9007
8/22/2008 19:50:36,15116,11588
8/22/2008 19:51:13,18825,15551
8/22/2008 19:51:33,18916,111111
8/22/2008 19:51:52,18864,8426
8/22/2008 19:52:22,18834,35486
8/22/2008 20:09:09,16713,9843
8/22/2008 20:09:48,16192,582
8/22/2008 20:10:06,18820,3999
8/22/2008 20:10:49,16129,5124
8/22/2008 20:11:34,16193,1500
8/22/2008 20:13:03,16896,4353
8/22/2008 20:13:24,12175,3315
8/22/2008 20:13:57,16110,9623
8/22/2008 20:23:17,18935,5386
8/22/2008 20:23:36,18923,7343
8/22/2008 20:23:51,15163,2738
8/22/2008 20:24:17,12185,11300
8/22/2008 20:24:30,15120,1322
8/22/2008 20:24:52,18844,10000
8/22/2008 20:25:12,18866,8236
8/22/2008 20:25:58,18851,8980
8/22/2008 20:26:50,18805,5750
8/22/2008 20:35:59,18889,32000
8/22/2008 20:36:28,12123,1844
8/22/2008 20:36:43,18855,12621
8/22/2008 20:37:10,15105,2573
8/22/2008 20:37:35,18839,12000
8/22/2008 20:37:59,18816,14261
8/22/2008 20:38:37,16195,7000
8/22/2008 20:39:00,18831,13537
8/22/2008 20:39:22,18837,31199
8/22/2008 20:45:32,18904,2500
8/22/2008 20:45:41,12034,7800
8/22/2008 20:45:53,18906,10000
8/22/2008 20:46:05,16191,9723
8/22/2008 20:47:05,15195,11000
8/22/2008 20:47:24,14493,25000
8/22/2008 20:47:43,15131,11364
8/22/2008 20:48:12,15169,16160
8/22/2008 20:48:24,18905,5000
8/22/2008 20:49:03,14494,50000
8/22/2008 20:49:22,16109,8900
8/22/2008 20:49:49,15168,12416
8/22/2008 20:50:07,16089,10999
8/22/2008 20:50:49,16188,12748
8/22/2008 20:59:09,12960,1050
8/22/2008 20:59:28,12946,930
8/22/2008 20:59:46,18917,85181
8/22/2008 21:00:18,12182,30765
8/22/2008 21:00:39,16712,7115
8/22/2008 21:00:56,15581,6539
8/22/2008 21:01:05,16189,10757
8/22/2008 21:01:23,18942,1600
8/22/2008 21:01:45,18943,34128
8/22/2008 21:02:46,18921,79657
8/22/2008 21:03:05,18922,28057
8/22/2008 21:03:28,16187,42142
8/22/2008 21:03:38,12903,6556
8/22/2008 21:04:01,15145,3025
8/22/2008 21:04:15,15193,2561
8/22/2008 21:04:29,12186,1859
8/22/2008 21:05:06,12889,3730
8/22/2008 21:05:18,12754,2033
8/22/2008 21:05:29,12705,1500
8/22/2008 21:05:51,13091,9213
8/22/2008 21:06:22,12945,12815
8/22/2008 21:06:48,12733,49374
8/22/2008 21:07:07,12739,12050
8/22/2008 21:07:17,12746,3155
8/22/2008 21:07:43,12111,57691
8/22/2008 21:16:05,15183,10998
8/22/2008 21:16:21,15142,3451
8/22/2008 21:17:10,18944,6000
8/22/2008 21:17:25,18930,30156
8/22/2008 21:17:45,12897,7822
8/22/2008 21:18:00,12757,4104
8/22/2008 21:39:25,16111,4444
8/22/2008 21:39:48,12726,5843
8/22/2008 21:40:25,16756,5793
8/22/2008 21:40:43,14461,8375
8/22/2008 21:41:11,12737,3521
8/22/2008 21:41:26,16754,2671
8/22/2008 21:41:39,14408,5000
8/22/2008 21:42:07,16752,3657
8/22/2008 21:42:22,19091,7420
8/22/2008 21:42:44,19019,30000
8/22/2008 21:42:58,19001,12470
8/22/2008 21:43:11,14840,7351
8/22/2008 21:43:29,14535,8888
8/22/2008 21:43:45,12882,3500
8/22/2008 21:44:04,12738,3120
8/22/2008 21:44:26,12957,888730
8/22/2008 21:44:48,16753,8460
8/22/2008 21:45:03,16755,16483
8/22/2008 21:45:31,14585,5000
8/22/2008 21:46:02,12953,201444
8/22/2008 21:46:14,14570,15000
8/22/2008 21:46:36,12935,14141
8/22/2008 21:47:02,12908,4444
8/22/2008 21:47:28,12923,32880
8/22/2008 22:00:09,14303,7600
8/22/2008 22:00:23,14386,5500
8/22/2008 22:00:49,14373,6300
8/22/2008 22:01:09,15139,11250
8/22/2008 22:01:56,14335,3900
8/22/2008 22:02:16,15108,5397
8/22/2008 22:02:52,19089,15001
8/22/2008 22:03:47,16117,10000
8/22/2008 22:04:22,16118,6544
8/22/2008 22:06:02,14367,7053
8/22/2008 22:06:22,15141,24333
8/22/2008 22:06:55,15166,4012
8/22/2008 22:07:13,18975,1334
8/22/2008 22:07:41,12197,2500
8/22/2008 22:08:01,12137,3000
8/22/2008 22:08:51,19088,9574
8/22/2008 22:19:23,15765,9479
8/22/2008 22:19:43,15194,8000
8/22/2008 22:20:10,12120,12120
8/22/2008 22:20:32,13079,5000
8/22/2008 22:20:55,15187,6530
8/22/2008 22:21:26,15147,16800
8/22/2008 22:22:59,16715,21328
8/22/2008 22:23:23,18981,6400
8/22/2008 22:23:53,16746,42224
8/22/2008 22:24:13,15154,20000
8/22/2008 22:24:51,16748,3700
8/22/2008 22:25:09,14554,10312
8/22/2008 22:25:30,18959,130000
8/22/2008 22:25:49,14825,19031
8/22/2008 22:26:08,15146,12398
8/22/2008 22:26:25,18956,8117
8/22/2008 22:26:46,18957,5798
8/22/2008 22:26:58,15162,9600
8/22/2008 22:27:24,15181,7777
8/22/2008 22:27:41,15174,2600
8/22/2008 22:57:18,15188,14000
8/22/2008 22:57:42,18263,17948
8/22/2008 22:58:00,18221,9191
8/22/2008 22:58:17,15160,200000
8/22/2008 22:58:41,18850,47000
8/22/2008 22:59:03,18287,15151
8/22/2008 22:59:26,7074,12370
8/22/2008 22:59:51,18242,8100
8/22/2008 23:00:19,7009,5423
8/22/2008 23:39:22,199780,9990
8/22/2008 23:39:43,19467,24577
8/22/2008 23:40:12,19438,79800
8/22/2008 23:40:30,12881,11595
8/22/2008 23:40:55,12732,31212
8/22/2008 23:41:20,12725,25215
8/22/2008 23:41:55,19935,12840
8/22/2008 23:42:29,12704,20020
8/22/2008 23:43:22,133,3010
8/22/2008 23:43:40,18248,1333
8/22/2008 23:44:05,18245,7896
8/22/2008 23:44:23,15577,7640
8/22/2008 23:44:36,13044,33000
8/23/2008 0:13:30,18266,8200
8/23/2008 0:14:23,18954,19437
8/23/2008 0:14:42,18202,6231
8/23/2008 0:14:54,18277,13478
8/23/2008 0:15:15,18241,1998
8/23/2008 0:15:37,14513,13571
8/23/2008 0:15:53,12707,7000
8/23/2008 0:16:14,12171,1999
8/23/2008 0:16:38,7041,70000
8/23/2008 0:16:53,16101,7777
8/23/2008 0:17:12,16176,8761
8/23/2008 0:17:28,12138,7000
8/23/2008 0:17:44,12710,5112
8/23/2008 0:18:09,18861,5670
8/23/2008 0:18:24,18280,2900
8/23/2008 0:18:36,18281,6200
8/23/2008 0:18:49,18267,5300
8/23/2008 0:19:04,18279,5900
8/23/2008 0:19:24,18977,5300
8/23/2008 0:19:44,12741,16498
8/23/2008 0:26:55,19425,376
8/23/2008 0:27:18,19413,3020
8/23/2008 0:27:40,15518,7821
8/23/2008 0:27:58,10259,5209
8/23/2008 0:28:16,16115,2410
8/23/2008 0:28:30,15570,9000
8/23/2008 0:28:46,19423,71327
8/23/2008 0:29:04,15571,1538
8/23/2008 0:29:29,14331,8627
8/23/2008 13:20:50,14088,15000
8/23/2008 13:22:37,10274,14332
8/23/2008 13:22:57,2696,4111
8/23/2008 13:23:20,10383,11273
8/23/2008 13:27:32,3007,6327
8/23/2008 13:27:46,3016,2192
8/23/2008 13:35:07,15060,4976
8/23/2008 13:35:21,15559,5555
8/23/2008 13:35:39,18305,7503
8/23/2008 13:35:56,18337,8970
8/23/2008 13:36:24,18339,14238
8/23/2008 13:36:39,13017,3333
8/23/2008 13:36:59,15087,9999
8/23/2008 14:13:26,15643,79000
8/23/2008 14:13:48,15642,76000
8/23/2008 14:13:58,16198,40000
8/23/2008 14:14:13,16095,14836
8/23/2008 14:14:23,16094,1500
8/23/2008 14:14:34,18588,15555
8/23/2008 14:14:49,18589,16000
8/23/2008 14:15:05,18410,159201
8/23/2008 14:15:29,18464,432549
8/23/2008 14:39:02,18357,10000
8/23/2008 14:39:16,16138,2111
8/23/2008 14:39:30,16133,8400
8/23/2008 14:39:39,16161,5000
8/23/2008 14:40:04,19173,780
8/23/2008 14:40:21,16200,5000
8/23/2008 15:12:41,16139,1088
8/23/2008 15:12:56,2700,50000
8/23/2008 15:13:07,2515,1000000
8/23/2008 15:13:27,2699,140000
8/23/2008 15:13:47,18243,200000
8/23/2008 15:14:04,3054,5000
8/23/2008 15:14:17,19474,1680
8/23/2008 15:14:39,15089,35500
8/23/2008 15:14:58,8150,350
8/23/2008 15:15:13,18484,4000
8/23/2008 15:15:25,12092,30000
8/23/2008 15:15:47,15633,63792
8/23/2008 15:16:04,19410,98000
8/23/2008 15:16:23,18283,3333
8/23/2008 15:16:35,3089,1599
8/23/2008 15:17:00,15176,15176
8/23/2008 15:17:20,16144,7315
8/23/2008 15:46:08,135,1020
8/23/2008 15:46:32,10269,15783
8/23/2008 15:47:00,12173,840
8/23/2008 15:47:50,18330,555
8/23/2008 15:48:10,18327,9321
8/23/2008 15:48:34,18392,25597
8/23/2008 15:48:54,4162,4282
8/23/2008 15:49:10,12097,920
8/23/2008 15:49:22,191,5000
8/23/2008 15:49:52,18545,476
8/23/2008 16:27:21,18560,17328
8/23/2008 16:28:54,12179,21703
8/23/2008 16:29:07,14067,1002
8/23/2008 16:29:23,2523,120
8/23/2008 16:29:40,14336,2567
8/23/2008 16:29:54,14337,128
8/23/2008 16:30:07,17542,7313
8/23/2008 16:30:40,17580,6350
8/23/2008 16:30:52,17692,5888
8/23/2008 16:31:05,17541,8023
8/23/2008 16:31:35,18458,35431
8/23/2008 16:31:54,19117,30543
8/23/2008 16:32:10,16886,28111
8/23/2008 16:32:24,16702,4000
8/23/2008 16:32:40,19940,10000
8/23/2008 17:22:32,162,2000
8/23/2008 17:25:14,16116,7312
8/23/2008 17:25:35,16719,100605
8/23/2008 17:25:50,16104,1518
8/23/2008 17:26:15,12169,3333
8/23/2008 17:26:58,19925,1913
8/23/2008 17:27:20,19916,2711
8/23/2008 17:27:34,13042,3874
8/23/2008 17:28:10,15690,2153
8/23/2008 17:28:44,161,31514
8/23/2008 17:30:57,16131,8374
8/23/2008 17:31:14,18467,9750
8/23/2008 17:31:26,163,800
8/23/2008 17:31:38,17512,1337
8/23/2008 17:31:54,17520,1753
8/23/2008 17:32:09,15629,100005
8/23/2008 17:32:31,19114,5000
8/23/2008 17:32:45,19107,10000
8/23/2008 17:32:58,19106,1700
8/23/2008 17:33:14,16136,11257
8/23/2008 17:33:28,19128,23500
8/23/2008 17:34:00,18437,6130
8/23/2008 17:34:14,18457,8370
8/23/2008 17:34:26,19138,2500
8/23/2008 17:34:39,14809,650
8/23/2008 17:34:54,17560,2111
8/23/2008 17:35:15,15606,29530000
8/23/2008 17:37:32,13030,6000
8/23/2008 17:38:04,18365,2222272
8/23/2008 17:38:37,16885,10000
8/23/2008 17:38:55,2362,2887
8/23/2008 17:39:12,3094,1500
8/23/2008 17:39:37,15527,11000
8/23/2008 17:39:54,2339,5000
8/23/2008 17:40:06,3033,2600
8/23/2008 17:40:19,2323,1024
8/23/2008 17:40:41,2327,427
8/23/2008 17:41:02,2324,3750
8/23/2008 17:41:15,13000,9007
8/23/2008 17:41:30,3052,5000
8/23/2008 17:41:43,3010,8500
8/23/2008 17:41:59,19451,5000
8/23/2008 17:42:23,15611,10000
8/23/2008 17:43:05,15634,17000
8/23/2008 17:43:28,15605,5053
8/23/2008 17:43:44,12990,12780
8/23/2008 17:44:05,19016,25002
8/23/2008 17:44:22,19457,18200
8/23/2008 18:06:18,2527,12766
8/23/2008 18:06:33,16177,7689
8/23/2008 18:06:47,2698,8703
8/23/2008 18:07:01,2697,11111
8/23/2008 18:07:19,17559,1832
8/23/2008 18:07:38,17530,4061
8/23/2008 18:07:48,12153,5500
8/23/2008 18:08:01,12178,18900
8/23/2008 18:08:10,12168,6680
8/23/2008 18:08:25,18561,9433
8/23/2008 18:08:37,13271,10395
8/23/2008 18:08:47,13270,3448
8/23/2008 18:09:02,10385,1867
8/23/2008 18:09:14,10386,3500
8/23/2008 18:09:27,12096,5300
8/23/2008 18:09:40,13269,7519
8/23/2008 18:09:50,12050,2375
8/23/2008 18:10:05,2372,1000
8/23/2008 18:10:18,2348,25000
8/23/2008 18:10:50,16132,972
8/23/2008 19:03:07,18562,53127
8/23/2008 19:04:41,2928,600
8/23/2008 19:05:07,18278,43867
8/23/2008 19:05:26,16190,1114
8/23/2008 19:05:39,14377,2000
8/23/2008 19:05:59,18487,12478
8/23/2008 19:06:10,12734,1500
8/23/2008 19:06:20,18268,1844
8/23/2008 19:06:41,16135,34325
8/23/2008 19:06:55,18579,1030
8/23/2008 19:07:13,2539,2500
8/23/2008 19:07:25,14080,5461
8/23/2008 19:07:37,2501,6000
8/23/2008 19:07:49,18265,977
8/23/2008 19:08:05,18510,800
8/23/2008 19:08:21,18477,14589
8/23/2008 19:08:37,18478,13879
8/23/2008 19:08:52,12830,2658
8/23/2008 19:09:16,10235,11726
8/23/2008 19:09:27,10213,61172
8/23/2008 19:09:40,12064,1780
8/23/2008 19:09:57,12744,17655
8/23/2008 19:10:13,193,5444
8/23/2008 19:10:28,19921,1467
8/23/2008 19:10:43,19950,5320
8/23/2008 19:11:02,12844,14867
8/23/2008 19:11:20,10234,19726
8/23/2008 19:13:12,10275,16172
8/23/2008 19:13:30,15485,7634
8/23/2008 19:14:03,10203,11672
8/23/2008 19:14:15,2378,9800
8/23/2008 19:14:34,15464,9500
8/23/2008 19:14:48,2331,3562
8/23/2008 19:19:52,14020,16254
8/23/2008 19:20:10,14021,17198
8/23/2008 19:20:29,15412,18715
8/23/2008 19:20:39,10217,16888
8/23/2008 19:20:47,8169,11000
8/23/2008 19:21:37,2333,2333
8/23/2008 19:21:53,15424,2817
8/23/2008 19:22:06,15440,3005
8/23/2008 19:22:25,15411,5020
8/23/2008 19:22:37,15414,1718
8/23/2008 19:22:50,13286,10101
8/23/2008 19:23:03,12898,6522
8/23/2008 19:23:15,2487,9874
8/23/2008 19:23:34,2332,7563
8/23/2008 19:23:51,10216,20000
8/23/2008 19:24:11,2365,5874
8/23/2008 19:46:27,15491,8000
8/23/2008 19:46:47,12231,6500
8/23/2008 19:47:04,16179,5900
8/23/2008 19:47:31,18462,5170
8/23/2008 19:47:50,10252,402
8/23/2008 19:48:19,2338,743
8/23/2008 19:48:37,18338,3620
8/23/2008 19:59:13,19476,10830
8/23/2008 19:59:25,12877,553
8/23/2008 19:59:40,18548,4368
8/23/2008 20:00:14,10897,7495
8/23/2008 20:00:25,2921,5001
8/23/2008 20:00:41,19469,8320
8/23/2008 20:00:54,16182,15000
8/23/2008 20:01:07,12145,1500
8/23/2008 20:01:27,12146,946
8/23/2008 20:54:20,2972,7777
8/23/2008 20:54:50,10871,86000
8/23/2008 20:55:05,10864,48000
8/23/2008 20:55:17,8155,17392
8/23/2008 20:55:28,2907,61598
8/23/2008 20:55:39,2985,8888
8/23/2008 20:55:51,195,94102
8/23/2008 20:56:07,10856,77777
8/23/2008 20:56:24,2980,38792
8/23/2008 20:56:38,4060,3760
8/23/2008 20:57:17,2945,87000
8/23/2008 20:57:35,2566,7741
8/23/2008 20:58:03,2502,5864
8/23/2008 20:58:15,14870,6974
8/23/2008 20:58:28,19458,4232
8/23/2008 20:58:51,18254,2350
8/23/2008 20:59:02,18326,15000
8/23/2008 20:59:18,16137,22000
8/23/2008 20:59:30,103,10500
8/23/2008 20:59:47,18379,8200
8/23/2008 21:00:04,2326,4312
8/23/2008 21:00:18,18346,4311
8/23/2008 21:00:34,18359,4310
8/23/2008 21:00:44,12099,5000
8/23/2008 21:00:54,18428,1231
8/23/2008 21:01:12,12121,9500
8/23/2008 21:01:28,4391,4013
8/23/2008 21:01:40,2346,6500
8/23/2008 21:01:57,2310,8887
8/23/2008 21:02:08,4219,1035
8/23/2008 21:02:25,4056,2500
8/23/2008 21:02:47,12893,38374
8/23/2008 21:03:07,18257,6666
8/23/2008 21:03:29,19986,3500
8/23/2008 21:03:51,16447,15384
8/23/2008 21:04:03,4189,2066
8/23/2008 21:04:40,4390,3715
8/23/2008 21:04:52,4220,1923
8/23/2008 21:05:08,4392,1998
8/23/2008 21:05:24,2301,7521
8/23/2008 21:23:18,8163,4880
8/23/2008 21:24:47,4214,1480
8/23/2008 21:25:09,16186,53726
8/23/2008 21:25:19,172,21000
8/23/2008 21:25:30,198,37500
8/23/2008 21:25:48,12003,2896
8/23/2008 21:26:03,12108,3498
8/23/2008 21:26:15,4088,120000
8/23/2008 21:26:33,14400,16000
8/23/2008 21:26:49,4035,5800
8/23/2008 21:27:04,12002,7020
8/23/2008 21:27:17,4216,8000
8/23/2008 21:27:35,16097,26500
8/23/2008 21:27:48,4211,5555
8/23/2008 21:27:59,8156,5500
8/23/2008 21:28:13,4243,7630
8/23/2008 21:28:32,15483,19850
8/23/2008 21:28:49,4244,3650
8/23/2008 21:29:15,5317,15555
8/23/2008 21:29:33,5315,15557
8/23/2008 21:29:49,5350,15598
8/23/2008 21:30:04,101,1800
8/23/2008 21:30:21,19058,6375
8/23/2008 21:30:34,12174,1123
8/23/2008 21:30:49,5316,15559
8/23/2008 21:46:02,10828,48000
8/23/2008 21:46:19,8154,38000
8/23/2008 21:46:35,16124,13500
8/23/2008 21:46:49,4031,69910
8/23/2008 21:47:01,4242,4400
8/23/2008 21:47:14,4207,11970
8/23/2008 21:47:26,4246,4200
8/23/2008 21:47:39,4201,222
8/23/2008 21:47:53,4215,12460
8/23/2008 21:48:08,14498,11926
8/23/2008 21:48:22,15000,10090
8/23/2008 21:48:41,15398,9743
8/23/2008 21:49:00,15497,7215
8/23/2008 21:49:14,4387,511
8/23/2008 21:49:26,15798,888
8/23/2008 21:49:39,10848,5556
8/23/2008 21:50:05,16301,5658
8/23/2008 21:50:18,19217,10000
8/23/2008 21:50:30,16184,7000
8/23/2008 21:50:46,4397,12935
8/23/2008 21:51:05,2864,15561
8/23/2008 21:51:23,12858,15562
8/23/2008 21:51:42,2863,15560
8/23/2008 21:51:58,4208,12396
8/23/2008 21:52:11,4247,700
8/23/2008 21:52:22,16029,20450
8/23/2008 21:52:31,4213,7834
8/23/2008 21:52:40,19127,27500
8/23/2008 21:52:53,16121,3843
8/23/2008 21:53:07,4367,45373
8/23/2008 21:53:20,4369,5445
8/23/2008 21:53:29,16380,24000
8/23/2008 21:53:40,2887,15563
8/23/2008 21:53:53,15796,16329
8/23/2008 21:54:05,5491,9880
8/23/2008 21:54:20,8153,3870
8/23/2008 22:15:54,19654,80000
8/23/2008 22:16:08,10879,70000
8/23/2008 22:16:21,10868,60000
8/23/2008 22:16:33,19667,22222
8/23/2008 22:16:49,19231,13306
8/23/2008 22:17:03,19678,20000
8/23/2008 22:17:15,19666,30000
8/23/2008 22:17:35,13205,24271
8/23/2008 22:17:44,12118,60100
8/23/2008 22:17:53,12098,170000
8/23/2008 22:18:04,19665,20500
8/23/2008 22:18:12,19677,25000
8/23/2008 22:18:24,15030,11723
8/23/2008 22:18:38,10892,110000
8/23/2008 22:18:57,13083,120000
8/23/2008 22:19:10,10888,26452
8/23/2008 22:19:26,13076,12488
8/23/2008 22:19:38,15073,10354
8/23/2008 22:19:58,19602,100000
8/23/2008 22:20:13,19205,14231
8/23/2008 22:20:34,5329,2798
8/23/2008 22:20:45,5492,5555
8/23/2008 22:20:56,5357,5479
8/23/2008 22:21:14,503,21172
8/23/2008 22:21:28,5355,3488
8/23/2008 22:21:43,13204,15300
8/23/2008 22:21:55,16030,8500
8/23/2008 22:22:08,12093,10000
8/23/2008 22:22:16,5331,1113
8/23/2008 22:22:27,5332,1739
8/23/2008 22:22:39,5307,2780
8/23/2008 22:22:49,5494,1875
8/23/2008 22:22:59,5304,2855
8/23/2008 22:23:12,8191,5300
8/23/2008 22:23:24,11035,5728
8/23/2008 22:23:38,11044,7374
8/23/2008 22:23:48,12293,5126
8/23/2008 22:23:58,11069,9710
8/23/2008 22:24:10,11087,8312
8/23/2008 22:24:29,15050,8359
8/23/2008 22:24:39,11006,7200
8/23/2008 22:24:54,13001,1112
8/23/2008 22:29:27,14035,3504
8/23/2008 22:29:38,12100,3501
8/23/2008 22:30:37,10393,3503
8/23/2008 22:43:26,15968,41500
8/23/2008 22:43:49,5359,21500
8/23/2008 22:44:17,12347,18000
8/23/2008 22:44:41,15805,11100
8/23/2008 22:44:53,12337,11115
8/23/2008 22:45:12,13264,16214
8/23/2008 22:45:25,13243,24143
8/23/2008 22:46:25,14597,12982
8/23/2008 22:46:39,11089,28000
8/23/2008 22:46:49,10858,23000
8/23/2008 22:48:02,11094,21846
8/23/2008 22:48:21,8152,21840
8/23/2008 22:48:32,526,19805
8/23/2008 22:48:50,13293,23507
8/23/2008 22:49:04,15085,7488
8/23/2008 22:49:17,196,7083
8/23/2008 22:49:32,14699,7680
8/23/2008 22:49:47,13246,8312
8/23/2008 22:50:03,12338,9186
8/23/2008 22:50:57,529,4186
8/23/2008 22:51:10,12091,7832
8/23/2008 22:51:29,13077,3502
8/23/2008 22:51:45,15885,8900
8/23/2008 22:52:02,15873,7580
8/23/2008 22:52:21,15886,9999
8/23/2008 22:52:33,15832,7335
8/23/2008 22:52:42,12027,7500
8/23/2008 22:52:52,15895,6665
8/23/2008 23:21:50,536,70000
8/23/2008 23:22:04,12771,170000
8/23/2008 23:22:20,13206,71000
8/23/2008 23:22:34,18804,80735
8/23/2008 23:22:50,13239,38000
8/23/2008 23:23:00,13236,21500
8/23/2008 23:23:14,15973,35499
8/23/2008 23:23:30,15935,29999
8/23/2008 23:23:45,14026,41299
8/23/2008 23:24:00,15945,43445
8/23/2008 23:24:16,15988,34501
8/23/2008 23:24:27,15399,10002
8/23/2008 23:24:36,15700,12222
8/23/2008 23:24:46,15898,12315
8/23/2008 23:24:58,278,42350
8/23/2008 23:25:13,5325,9142
8/23/2008 23:25:24,12319,87296
8/23/2008 23:25:34,17336,20000
8/23/2008 23:25:48,12355,91586
8/23/2008 23:26:05,12372,14780
8/23/2008 23:26:19,17337,38936
8/23/2008 23:26:34,17334,73222
8/23/2008 23:26:49,17486,42683
8/23/2008 23:27:07,15882,32642
8/23/2008 23:27:27,277,37643
8/23/2008 23:27:39,17366,70320
8/23/2008 23:27:49,15840,37213
8/23/2008 23:27:59,549,80000
8/23/2008 23:28:10,15824,85376
8/23/2008 23:28:22,15930,11000
8/23/2008 23:28:36,13279,98000
8/23/2008 23:28:49,15905,2941
8/23/2008 23:29:01,15942,8500
8/23/2008 23:29:11,15966,3720
8/23/2008 23:29:23,18929,6152
8/23/2008 23:29:35,15200,8615
8/23/2008 23:29:56,15897,8375
8/23/2008 23:30:05,15932,8000
8/23/2008 23:30:13,12116,4750
8/23/2008 23:30:23,14499,9874
8/23/2008 23:30:32,266,4150
8/23/2008 23:30:42,15874,6500
8/23/2008 23:30:51,12114,15000
8/23/2008 23:31:01,13210,3333
8/23/2008 23:31:09,13232,2500
8/23/2008 23:31:20,13235,1798
8/23/2008 23:31:34,13277,1888
8/23/2008 23:31:48,13242,2666
8/23/2008 23:32:00,287,1972
8/23/2008 23:32:11,13040,9105
8/23/2008 23:32:19,532,1100
8/23/2008 23:32:28,13229,6000
8/23/2008 23:32:39,13281,17000
8/23/2008 23:45:56,2836,11333
8/23/2008 23:46:57,15834,10000
8/23/2008 23:47:22,15803,19000
8/23/2008 23:47:36,17314,40000
8/23/2008 23:47:50,17338,13185
8/23/2008 23:48:05,17500,10124
8/23/2008 23:48:20,17332,13135
8/23/2008 23:48:36,17316,24744
8/23/2008 23:48:47,16977,14800
8/23/2008 23:48:58,17481,3233
8/23/2008 23:49:09,16978,13700
8/23/2008 23:49:22,2835,12501
8/23/2008 23:49:32,15812,43673
8/23/2008 23:49:51,297,32690
8/23/2008 23:50:06,15923,321093
8/23/2008 23:50:51,18836,42685
8/23/2008 23:51:09,15909,426846
8/23/2008 23:51:25,2306,321642
8/23/2008 23:51:41,16329,15500
8/23/2008 23:51:57,15894,53673
8/23/2008 23:52:11,2335,76345
8/23/2008 23:52:20,16352,1307
8/23/2008 23:52:30,16320,1259
8/23/2008 23:52:42,15883,5000
8/23/2008 23:52:51,10227,6000
8/23/2008 23:53:06,15838,1543
8/23/2008 23:53:22,17373,9789
8/23/2008 23:53:33,17375,5400
8/23/2008 23:53:43,16114,928
8/23/2008 23:53:55,15833,6000
8/23/2008 23:58:36,12356,6852
8/23/2008 23:58:55,15983,36743
8/23/2008 23:59:09,19323,7331
8/23/2008 23:59:22,19383,12071
8/23/2008 23:59:35,2358,72630
8/23/2008 23:59:48,1022,69436
8/24/2008 0:00:05,15978,17367
8/24/2008 0:00:31,12366,3259
8/24/2008 0:00:53,15907,68346
8/24/2008 0:01:08,15906,74364
8/24/2008 0:01:17,19321,4312
8/24/2008 0:01:28,15918,92634
8/24/2008 0:01:44,15931,623600
8/24/2008 0:02:09,1058,99430
8/24/2008 0:02:18,1040,68946
8/24/2008 0:02:35,15826,10735
8/24/2008 0:02:50,12068,8231
8/24/2008 0:26:37,1083,22364
8/24/2008 0:26:48,15014,11111
8/24/2008 0:26:56,4059,5600
8/24/2008 0:27:04,12117,16800
8/24/2008 0:27:14,15056,9748
8/24/2008 0:27:22,19305,2812
8/24/2008 0:27:33,19309,3577
8/24/2008 0:27:46,16075,2000
8/24/2008 0:27:57,19357,4253
8/24/2008 0:28:07,61,10005
8/24/2008 0:28:20,12119,6183
8/24/2008 0:28:34,16939,18635
8/24/2008 0:28:49,16973,15419
8/24/2008 0:29:03,16914,18523
8/24/2008 0:29:10,15070,8489
8/24/2008 0:49:10,4221,9823
8/24/2008 0:49:26,15853,4444
8/24/2008 0:49:40,16969,1054
8/24/2008 0:49:51,15851,12324
8/24/2008 0:50:12,15878,5343
8/24/2008 0:50:33,15868,13113
8/24/2008 0:50:45,13012,5687
8/24/2008 0:51:07,15917,160000
8/24/2008 0:51:22,1050,200000
8/24/2008 0:51:31,15970,421943
8/24/2008 0:51:47,1001,532642
8/24/2008 0:52:12,1049,136423
8/24/2008 0:52:28,19302,246810
8/24/2008 0:52:41,19303,426321
8/24/2008 0:52:56,19381,695382
8/24/2008 0:53:12,19395,100360
8/24/2008 0:53:21,2822,4044
8/24/2008 0:53:35,5338,31850
8/24/2008 0:53:47,19365,33000
8/24/2008 0:54:04,25011,45817
8/24/2008 0:54:22,19461,55555
8/24/2008 1:05:00,4366,5400
8/24/2008 1:05:19,4237,5000
8/24/2008 1:05:30,15850,11320
8/24/2008 1:05:48,4257,7850
8/24/2008 1:06:01,4386,2800
8/24/2008 1:06:09,19140,5000
8/24/2008 1:06:24,15806,11233
8/24/2008 1:17:54,4210,8127
8/24/2008 1:18:02,15299,9533
8/24/2008 1:18:11,15296,5001
8/24/2008 1:21:11,19346,2424
8/24/2008 13:42:52,1026,12750
8/24/2008 13:43:05,12149,15404
8/24/2008 13:43:13,1198,2300
8/24/2008 13:43:27,1021,9830
8/24/2008 13:43:42,1069,2700
8/24/2008 13:43:59,2488,4830
8/24/2008 13:44:13,17248,4837
8/24/2008 13:44:27,12151,2650
8/24/2008 13:44:47,17831,5763
8/24/2008 13:45:05,12313,12530
8/24/2008 13:45:22,17887,11650
8/24/2008 13:45:37,15901,4300
8/24/2008 13:46:10,12493,3626
8/24/2008 13:46:31,16049,6748
8/24/2008 13:46:41,1046,3100
8/24/2008 13:46:53,12516,3587
8/24/2008 13:47:04,1192,3000
8/24/2008 13:47:18,12563,7480
8/24/2008 13:47:31,15993,16566
8/24/2008 13:47:49,16062,7635
8/24/2008 13:48:02,1070,1304
8/24/2008 13:48:15,9192,6974
8/24/2008 14:07:07,13797,8888
8/24/2008 14:07:21,13798,9999
8/24/2008 14:07:35,13652,10500
8/24/2008 14:07:45,13658,5000
8/24/2008 14:07:55,13664,10000
8/24/2008 14:08:06,13836,10111
8/24/2008 14:08:17,85,1364
8/24/2008 14:08:30,16334,8888
8/24/2008 14:08:42,89,10000
8/24/2008 14:08:52,16170,5000
8/24/2008 14:09:04,16061,14877
8/24/2008 14:09:15,1041,5237
8/24/2008 14:09:24,1052,9700
8/24/2008 14:09:37,15597,1575
8/24/2008 14:09:47,9044,2500
8/24/2008 14:09:56,9071,3333
8/24/2008 14:10:09,9040,5222
8/24/2008 14:10:21,9041,7777
8/24/2008 14:10:30,16034,2044
8/24/2008 14:10:39,16035,736
8/24/2008 14:10:49,84,10000
8/24/2008 14:36:55,12143,3758
8/24/2008 14:37:08,16067,4560
8/24/2008 14:37:20,12520,11111
8/24/2008 14:37:34,13555,1500
8/24/2008 14:37:53,16148,14871
8/24/2008 14:38:06,6544,18138
8/24/2008 14:38:27,16058,5798
8/24/2008 14:38:38,12510,10000
8/24/2008 14:39:31,12144,5143
8/24/2008 14:39:44,12576,7777
8/24/2008 14:40:00,12506,20000
8/24/2008 14:40:10,16069,8888
8/24/2008 14:40:23,19480,18402
8/24/2008 14:40:34,12158,21770
8/24/2008 14:40:47,12131,12768
8/24/2008 14:41:03,12157,20770
8/24/2008 14:41:14,12156,1500
8/24/2008 14:41:29,12504,9999
8/24/2008 14:41:42,12006,8350
8/24/2008 15:09:23,4196,20000
8/24/2008 15:09:38,13318,250000
8/24/2008 15:09:50,6571,35700
8/24/2008 15:10:08,12373,27922
8/24/2008 15:10:21,6468,1231
8/24/2008 15:10:36,6404,9423
8/24/2008 15:10:50,9054,185001
8/24/2008 15:11:09,12029,42311
8/24/2008 15:11:25,18236,86402
8/24/2008 15:11:39,555,9780
8/24/2008 15:11:54,15763,7250
8/24/2008 15:12:11,15825,9530
8/24/2008 15:12:21,16126,8236
8/24/2008 15:12:29,4197,995
8/24/2008 15:12:39,14392,4223
8/24/2008 15:12:48,15779,28605
8/24/2008 15:13:00,16039,10000
8/24/2008 15:13:10,6455,9500
8/24/2008 15:13:22,13635,27483
8/24/2008 15:13:33,13470,3510
8/24/2008 15:13:50,6505,12623
8/24/2008 15:14:06,4128,11583
8/24/2008 15:14:22,14596,14598
8/24/2008 15:14:40,6479,19212
8/24/2008 15:14:52,16150,15000
8/24/2008 15:15:09,4235,28738
8/24/2008 15:15:24,6517,16632
8/24/2008 15:15:37,15039,100325
8/24/2008 15:15:54,18569,50778
8/24/2008 15:16:08,13432,10533
8/24/2008 15:19:45,13412,75388
8/24/2008 15:20:02,13524,9531
8/24/2008 15:20:14,4199,8000
8/24/2008 15:20:40,13602,28453
8/24/2008 15:20:53,4032,12650
8/24/2008 15:21:07,6450,7000
8/24/2008 15:21:38,6592,12723
8/24/2008 15:21:56,19280,10503
8/24/2008 15:22:09,17857,7777
8/24/2008 15:22:19,17885,32411
8/24/2008 15:22:30,5364,11231
8/24/2008 15:22:41,16551,95781
8/24/2008 15:22:57,16573,122315
8/24/2008 15:23:11,17875,171102
8/24/2008 15:23:24,13477,9763
8/24/2008 15:23:35,6598,7125
8/24/2008 15:23:47,17239,8377
8/24/2008 15:23:56,9015,4723
8/24/2008 15:24:05,4198,18000
8/24/2008 15:24:15,548,8738
8/24/2008 15:24:28,12159,7999
8/24/2008 15:24:41,62,1001
8/24/2008 15:24:54,13368,4000
8/24/2008 15:25:03,13366,3500
8/24/2008 15:25:14,4126,5550
8/24/2008 15:25:36,17082,7370
8/24/2008 15:25:50,18399,6360
8/24/2008 15:26:02,16033,13000
8/24/2008 15:26:12,17083,6500
8/24/2008 15:26:23,13433,6998
8/24/2008 15:26:39,13473,4300
8/24/2008 15:26:48,17111,9000
8/24/2008 15:26:59,16012,15750
8/24/2008 15:27:22,16011,11234
8/24/2008 15:28:22,19593,7221
8/24/2008 15:28:31,6512,18500
8/24/2008 15:28:44,15867,8449
8/24/2008 15:28:53,13362,10153
8/24/2008 15:29:08,4205,6786
8/24/2008 15:29:18,6545,26500
8/24/2008 15:29:30,6588,35500
8/24/2008 15:29:39,12547,5500
8/24/2008 15:30:02,14966,41500
8/24/2008 15:30:14,4227,73800
8/24/2008 15:30:27,13425,3800
8/24/2008 15:30:38,13407,8500
8/24/2008 15:30:52,19544,12200
8/24/2008 15:31:01,6410,16000
8/24/2008 15:31:26,17206,9327
8/24/2008 15:31:35,17226,8500
8/24/2008 15:31:44,4122,27500
8/24/2008 15:35:27,19592,4212
8/24/2008 15:35:38,13547,30472
8/24/2008 15:35:51,13591,3500
8/24/2008 15:36:01,12132,33333
8/24/2008 15:36:13,19538,21150
8/24/2008 15:36:25,13424,3500
8/24/2008 15:36:38,16436,10520
8/24/2008 15:36:51,13480,7050
8/24/2008 15:37:03,2371,3995
8/24/2008 15:37:18,2308,3577
8/24/2008 15:37:29,13426,4210
8/24/2008 15:37:39,16022,5000
8/24/2008 15:37:52,16448,20000
8/24/2008 15:38:02,12789,12357
8/24/2008 15:38:33,6448,58742
8/24/2008 15:38:50,6436,146799
8/24/2008 15:39:01,6435,98123
8/24/2008 15:39:14,13525,120948
8/24/2008 15:39:27,6409,100103
8/24/2008 15:39:39,2514,80000
8/24/2008 15:39:52,16100,12222
8/24/2008 15:40:07,13872,2511
8/24/2008 15:40:20,13542,32361
8/24/2008 15:40:33,4538,3611
8/24/2008 15:40:45,6925,964
8/24/2008 15:40:58,9024,1009
8/24/2008 15:41:09,14266,899
8/24/2008 15:41:21,17234,998
8/24/2008 15:41:32,6949,1217
8/24/2008 15:41:45,6968,1872
8/24/2008 15:41:56,17264,2333
8/24/2008 15:42:07,9194,1736
8/24/2008 15:42:16,9023,1893
8/24/2008 15:42:27,17232,1672
8/24/2008 15:42:38,13431,38000
8/24/2008 15:42:47,2513,27000
8/24/2008 15:42:58,4283,8580
8/24/2008 15:43:21,9057,12127
8/24/2008 15:45:37,16006,5870
8/24/2008 15:45:47,13485,25123
8/24/2008 15:46:07,12015,57224
8/24/2008 15:46:22,4521,15454
8/24/2008 15:46:34,17132,8376
8/24/2008 15:46:47,4516,25180
8/24/2008 15:46:56,4062,7211
8/24/2008 15:47:08,4284,16972
8/24/2008 15:47:15,6907,906
8/24/2008 15:47:27,4514,5027
8/24/2008 15:47:37,4285,7632
8/24/2008 15:47:53,13541,11762
8/24/2008 15:48:04,4539,72111
8/24/2008 15:48:18,4527,62753
8/24/2008 15:48:28,4300,8011
8/24/2008 15:48:39,12685,29120
8/24/2008 15:48:48,4522,10985
8/24/2008 15:48:59,4529,47477
8/24/2008 15:49:12,12753,7777
8/24/2008 15:49:21,13895,12022
8/24/2008 15:49:30,4276,55000
8/24/2008 15:49:40,4507,7000
8/24/2008 15:49:49,19796,10000
8/24/2008 15:49:57,16440,28000
8/24/2008 15:50:17,16037,57636
8/24/2008 15:50:26,4280,92000
8/24/2008 15:50:34,4513,52000
8/24/2008 15:50:44,4275,1099
8/24/2008 15:51:10,17266,1000
8/24/2008 15:51:23,9051,954
8/24/2008 15:51:36,17259,1002
8/24/2008 15:51:47,17227,1356
8/24/2008 15:51:57,13330,1167
8/24/2008 15:52:05,6966,1212
8/24/2008 15:52:15,17217,9000
8/24/2008 15:58:41,18528,16523
8/24/2008 15:58:50,8064,6788
8/24/2008 15:59:00,16484,38000
8/24/2008 15:59:12,15831,17984
8/24/2008 15:59:26,8295,120789
8/24/2008 15:59:37,4297,100111
8/24/2008 15:59:54,8273,99888
8/24/2008 16:00:05,16522,87355
8/24/2008 16:00:20,8534,52133
8/24/2008 16:00:32,4511,1500
8/24/2008 16:00:49,8277,10900
8/24/2008 16:00:59,17250,31467
8/24/2008 16:01:12,6936,15690
8/24/2008 16:01:25,12699,87562
8/24/2008 16:01:40,65,4386
8/24/2008 16:01:53,8531,44763
8/24/2008 16:02:09,8509,40322
8/24/2008 16:02:25,8279,26517
8/24/2008 16:02:35,4523,15102
8/24/2008 16:02:45,13794,15066
8/24/2008 16:02:56,17253,12086
8/24/2008 16:03:08,13710,11080
8/24/2008 16:03:25,13514,7986
8/24/2008 16:03:36,13382,35000
8/24/2008 16:03:50,17878,5635
8/24/2008 16:04:05,9068,13578
8/24/2008 16:04:57,9010,24418
8/24/2008 16:05:07,13301,14042
8/24/2008 16:05:19,9007,18042
8/24/2008 16:05:40,12890,2600
8/24/2008 16:05:48,547,5000
8/24/2008 16:06:01,8527,3792
8/24/2008 16:06:10,12398,40000
8/24/2008 16:06:23,6552,29800
8/24/2008 16:06:35,15789,3200
8/24/2008 16:06:47,6444,3684
8/24/2008 16:06:59,4272,35800
8/24/2008 16:07:11,8515,38924
8/24/2008 16:07:29,18190,18190
8/24/2008 16:07:38,18146,13450
8/24/2008 16:07:50,8546,75000
8/24/2008 16:08:07,8532,67105
8/24/2008 16:08:19,6908,9899
8/24/2008 16:08:30,6470,16200
8/24/2008 16:08:41,286,10000
8/24/2008 16:08:49,18800,12000
8/24/2008 16:08:58,18798,15000
8/24/2008 16:09:11,18838,10000
8/24/2008 16:09:20,18130,14444
8/24/2008 16:09:34,4151,13500
8/24/2008 16:09:50,13303,22370
8/24/2008 16:10:03,4543,137009
8/24/2008 16:10:22,18172,9836
8/24/2008 16:10:35,4195,4980
8/24/2008 16:10:58,4292,77654
8/24/2008 16:11:07,17279,5022
8/24/2008 16:11:28,6424,14820
8/24/2008 16:12:06,8276,15705
8/24/2008 16:39:37,12413,14365
8/24/2008 16:39:48,16645,14312
8/24/2008 16:40:00,12452,12745
8/24/2008 16:40:10,10377,15304
8/24/2008 16:40:31,12026,490000
8/24/2008 16:40:49,12932,9410
8/24/2008 16:41:00,12955,8020
8/24/2008 16:41:12,4294,7791
8/24/2008 16:41:23,8283,8291
8/24/2008 16:41:34,8501,9753
8/24/2008 16:41:47,6994,6150
8/24/2008 16:41:58,8552,9573
8/24/2008 16:42:06,12024,8973
8/24/2008 16:42:21,8543,8543
8/24/2008 16:42:30,13421,2900
8/24/2008 16:42:55,13754,24000
8/24/2008 16:43:07,13420,4300
8/24/2008 16:43:16,1827,6244
8/24/2008 16:43:26,19190,6800
8/24/2008 16:43:38,16966,5163
8/24/2008 16:43:50,6976,32437
8/24/2008 16:44:04,4533,10000
8/24/2008 16:44:16,8263,7379
8/24/2008 16:44:25,16054,20000
8/24/2008 16:44:38,8513,17358
8/24/2008 16:44:47,16099,4978
8/24/2008 16:44:57,12934,11450
8/24/2008 16:45:07,8540,7250
8/24/2008 16:45:14,12104,25000
8/24/2008 16:45:25,16592,26783
8/24/2008 16:45:38,12595,120384
8/24/2008 16:45:50,4803,7003
8/24/2008 16:46:00,4801,20004
8/24/2008 16:46:11,13114,43000
8/24/2008 16:46:50,12009,59000
8/24/2008 16:46:57,13130,32000
8/24/2008 16:47:05,151,6115
8/24/2008 16:47:12,97,65000
8/24/2008 16:47:24,4545,12112
8/24/2008 16:47:36,200,6250
8/24/2008 16:48:01,12933,16870
8/24/2008 16:48:12,4827,26766
8/24/2008 16:48:24,2409,18789
8/24/2008 16:48:35,12039,10000
8/24/2008 16:48:46,13758,62311
8/24/2008 16:49:05,13759,27893
8/24/2008 16:49:15,13709,4253
8/24/2008 16:49:25,100,44000
8/24/2008 16:49:36,8536,11112
8/24/2008 16:49:53,13738,48560
8/24/2008 16:50:08,4850,13985
8/24/2008 16:50:21,10309,101235
8/24/2008 16:51:10,4884,129375
8/24/2008 16:51:27,4802,11713
8/24/2008 16:51:39,19716,20000
8/24/2008 16:51:51,12956,6420
8/24/2008 16:52:10,6971,5017
8/24/2008 16:52:21,16627,95558
8/24/2008 16:52:31,10376,22003
8/24/2008 16:52:43,4856,14444
8/24/2008 16:52:51,16644,100500
8/24/2008 16:55:14,13920,100710
8/24/2008 16:55:56,12679,7432
8/24/2008 16:58:01,2481,25555
8/24/2008 16:58:10,12018,14500
8/24/2008 16:58:39,17867,6999
8/24/2008 16:58:48,343,22500
8/24/2008 16:58:58,12637,8712
8/24/2008 16:59:10,16599,28888
8/24/2008 16:59:19,2445,8332
8/24/2008 16:59:32,17868,27500
8/24/2008 16:59:43,13713,9843
8/24/2008 16:59:52,12037,33333
8/24/2008 17:00:04,482,29090
8/24/2008 17:00:13,357,23500
8/24/2008 17:00:23,471,24500
8/24/2008 17:00:33,16399,11981
8/24/2008 17:00:43,18195,12345
8/24/2008 17:00:54,13793,8896
8/24/2008 17:01:05,2435,9999
8/24/2008 17:01:16,12014,135240
8/24/2008 17:01:25,347,38500
8/24/2008 17:01:42,10358,12405
8/24/2008 17:21:48,17601,10000
8/24/2008 17:22:00,19854,14893
8/24/2008 17:22:11,19870,13333
8/24/2008 17:22:39,15358,14500
8/24/2008 17:22:50,19893,13331
8/24/2008 17:23:01,18194,11321
8/24/2008 17:23:27,19811,19811
8/24/2008 17:23:42,12135,8255
8/24/2008 17:23:53,4071,7000
8/24/2008 17:24:04,17394,14134
8/24/2008 17:24:13,15791,15000
8/24/2008 17:24:23,17395,6800
8/24/2008 17:24:34,18550,36400
8/24/2008 17:24:45,19843,15698
8/24/2008 17:24:57,19844,12188
8/24/2008 17:25:05,16786,9999
8/24/2008 17:25:15,17396,14012
8/24/2008 17:25:27,17398,17398
8/24/2008 17:25:38,19848,6000
8/24/2008 17:25:45,15780,6095
8/24/2008 17:25:55,6359,9807
8/24/2008 17:26:04,16791,12345
8/24/2008 17:26:17,13481,157853
8/24/2008 17:26:31,9004,141327
8/24/2008 17:26:42,6706,5827
8/24/2008 17:26:52,6707,10517
8/24/2008 17:27:08,6433,14300
8/24/2008 17:27:20,15710,7500
8/24/2008 17:27:38,18204,8750
8/24/2008 17:29:22,10894,10894
8/24/2008 17:29:30,8104,5000
8/24/2008 17:29:42,16240,13475
8/24/2008 17:29:54,12062,100000
8/24/2008 17:30:05,6432,16000
8/24/2008 17:30:14,17602,9600
8/24/2008 17:39:40,15743,12840
8/24/2008 17:39:58,6720,87230
8/24/2008 17:40:07,4073,3000
8/24/2008 17:40:19,6757,1852
8/24/2008 17:40:28,17651,7820
8/24/2008 17:40:38,17622,5213
8/24/2008 17:40:49,17773,8573
8/24/2008 17:40:58,13925,8125
8/24/2008 17:41:09,15676,2540
8/24/2008 17:41:19,708,6754
8/24/2008 17:41:29,17669,8540
8/24/2008 17:41:39,17668,3333
8/24/2008 17:41:50,15674,8044
8/24/2008 17:41:57,1047,15000
8/24/2008 17:42:21,6364,6789
8/24/2008 17:42:31,17767,8319
8/24/2008 17:42:42,16407,24555
8/24/2008 17:43:03,13946,3400
8/24/2008 17:43:09,12779,600
8/24/2008 17:43:21,12481,4798
8/24/2008 17:43:31,19712,9477
8/24/2008 17:43:41,16443,13068
8/24/2008 17:44:11,4859,75115
8/24/2008 17:44:28,12394,15498
8/24/2008 17:44:39,12684,8100
8/24/2008 17:44:51,736,18431
8/24/2008 17:45:03,990,22391
8/24/2008 17:45:17,13973,6378
8/24/2008 17:45:29,13995,7373
8/24/2008 17:45:47,1034,14871
8/24/2008 17:45:57,4087,4000
8/24/2008 17:47:42,13604,13001
8/24/2008 17:48:17,13675,17500
8/24/2008 17:48:53,13389,147500
8/24/2008 17:49:04,1149,143721
8/24/2008 17:49:11,311,19600
8/24/2008 17:49:24,13784,23007
8/24/2008 17:49:36,16068,79012
8/24/2008 17:49:44,1170,98512
8/24/2008 17:49:56,13719,13719
8/24/2008 17:50:07,6981,89100
8/24/2008 17:50:19,896,13113
8/24/2008 17:50:30,1171,110930
8/24/2008 17:50:40,714,12374
8/24/2008 17:50:51,1108,32517
8/24/2008 17:51:01,1150,29783
8/24/2008 17:51:10,1152,1572
8/24/2008 17:51:19,13194,11528
8/24/2008 17:51:27,10533,8526
8/24/2008 17:51:40,10542,14738
8/24/2008 17:51:54,8375,28756
8/24/2008 17:52:12,1110,1965
8/24/2008 17:56:07,1112,59872
8/24/2008 17:56:20,16158,8700
8/24/2008 17:56:31,1147,67842
8/24/2008 17:56:42,496,78321
8/24/2008 18:06:17,4156,5239
8/24/2008 18:06:25,13768,10000
8/24/2008 18:06:35,12582,6500
8/24/2008 18:06:45,16545,14755
8/24/2008 18:07:08,498,121473
8/24/2008 18:07:21,6823,75721
8/24/2008 18:07:32,13770,20000
8/24/2008 18:07:41,13701,15810
8/24/2008 18:07:50,6822,21301
8/24/2008 18:08:00,12046,4000
8/24/2008 18:08:15,6821,8493
8/24/2008 18:08:37,12071,5587
8/24/2008 18:08:48,12011,6722
8/24/2008 18:19:55,4067,60000
8/24/2008 18:20:06,13762,5783
8/24/2008 18:20:16,13707,3000
8/24/2008 18:20:26,4559,4559
8/24/2008 18:20:35,12012,13224
8/24/2008 18:20:44,8226,75000
8/24/2008 18:20:57,19347,17936
8/24/2008 18:21:09,9008,58698
8/24/2008 18:21:18,6262,9833
8/24/2008 18:35:40,5158,995
8/24/2008 18:35:51,1184,585
8/24/2008 18:36:02,4152,3950
8/24/2008 18:36:09,1141,1499
8/24/2008 18:36:18,1103,1000
8/24/2008 18:36:24,1169,680
8/24/2008 18:36:33,5181,916
8/24/2008 18:36:44,1142,2222
8/24/2008 18:36:52,1153,1511
8/24/2008 18:37:08,19791,865
8/24/2008 18:41:27,12427,19125
8/24/2008 18:41:39,10098,18050
8/24/2008 18:41:56,6250,7035
8/24/2008 18:42:15,6494,10915
8/24/2008 18:47:04,1969,58312
8/24/2008 18:47:17,17647,1902
8/24/2008 18:47:33,9755,3917
8/24/2008 18:47:47,1938,73512
8/24/2008 18:47:59,6092,15000
8/24/2008 18:48:11,12519,12050
8/24/2008 18:48:31,16554,10052
8/24/2008 18:48:43,9758,10000
8/24/2008 18:53:26,10371,11560
8/24/2008 18:53:41,10322,10738